,Product
0,Beef Filled Gyozas
1,Chicken Biryani Frozen Entr√©es
2,Frozen Egg Rolls
3,Chicken Products
4,Ready-to-Eat Ham
5,Ground Beef
6,Soup With Meatballs And Chicken
7,Cooked Pork Products
8,Chicken Salad
9,Chicken Dumplings
10,Fully Cooked Chicken Breast Strips
11,Deli Franks
12,Cheeseburger Stuffed Sandwiches
13,Chicken Products
14,Chicken Wrap Sandwiches
15,Sausage Products
16,Smoked Turkey And Pork Products
17,Sausage Products
18,Spaghettios Plus Calcium
19,Sausage Products
20,RTE Meat Products
21,Meat Wrap Sandwiches
22,Chicken Breast Wrap Sandwiches
23,Ham Products
24,RTE Meat Products
25,Frozen Ground Beef Products
26,Chicken Salad
27,Frozen Chicken And Sausage Gumbo
28,Spanish Sausage
29,Cooked Chicken Products
30,Meat And Poultry Products
31,Beef Products
32,Frozen Ground Beef Patties
33,RTE Chicken and Beef Products
34,Polish Sausage
35,Pork Sausage
36,Sausage And Bacon Products
37,Sausage Products
38,Chicken Frankfurters
39,Frozen Ground Beef Patties
40,Cooked Country Hams
41,Chicken Sausage Products And Beef Wieners
42,Ham Products
43,RTE Meat And Poultry Products
44,RTE Beef Products
45,Frozen Ground Beef Patties
46,Ground Beef
47,RTE Chicken Product
48,Chicken Salad Products
49,Chicken Products
50,Ham And Beef Products
51,"Turkey, Ham and Bologna Lunch Meal Products"
52,Frozen Pot Roast Dinners
